nouns,label
이어폰 음량 귀,7
독감 예방주사,2
목 음식물 계속 물감,7
케겔 운동,11
등 통증 문의,12
걷기 다이어트 방법,11
급체 증상,4
추가 체중 증가,22
자세,11
공수병 사후 음주,18
항생제 부작용,18
배 복통,4
김 대변 상태,4
오른쪽 엄지손가락 손톱 옆,20
항문 대변 피,1
추가 다이어트 운동,11
정신건강 의학 조현병,8
꼬리뼈 허리 통증 배 통증 허벅지 위 저림 증상,12
아버지 키 정상,11
티스 탁스 복 용법,17
피 검사 대장암,4
꼭 허리 디스크 상관관계,12
등산 조깅 건강 더 도움,11
질염 약 복용 생리통 약,25
대변 검사 대장암,4
변비 배 덩어리 기도,4
커피 유방 혹,25
녹농균 수,18
편도염 좀,7
치과 치료 독감 예방접종,14
녹농균,18
과음 시티,4
눈 통증,5
턱관절 소리,24
편도염 완치 좀,7
내과 해 흰색 수정 테이프 다량 알갱이 입,4
내과 흰색 수정 테이프 다량 알갱이 입,4
약 정도 열 정도,2
질 체력 도구 커녕 맨몸 운동 제대로 수,11
레이노 이드 증후군 손톱 하얀반달 위 보라색 검 은색,10
손톱 하얀반달 위 보라색 검 은색,10
케이 캡정 밥,4
가래 문의,2
질문 인슐린 말단비대증 장기 비대 또한 말 신지,22
후두 인두 근육 질문,7
당뇨 혈당 식 후두 시간,22
베타 미가 하루 약 복용 수면 위 내시경,4
흡연 숨쉬기 증상 숨,2
보스 웰 리아 무릎관절 도음 도움,20
형 당뇨병 수면 관계,22
거품 뇨 허리,26
자궁경부암 예방주사 남자,25
배 통증,4
코,7
소화,4
설사 대장 내시경,4
잠 뒤 몸 오한 발열,7
코 뒤쪽,7
독감 예방접종,2
혈당,22
레졸로정 달 유지 게,4
아보카도 캡슐 복용,24
아보카도 캡슐 복용 고안 압,5
당화혈색소 검사,22
시야 짐,5
변비,4
가래 무,2
역류성 식도염 운동,4
등 오른쪽 아래 불편,11
미열,18
청국장 방귀 가스,4
편도염 완치,7
컴퓨터 열,18
두통약 두통,6
후두 염,7
편도 삼 액 걱정 요,7
변 복통,4
어깨 목 통증,24
출산 개월 복통,4
편도 삼 액,25
형 간염 예방접종 질문,4
건강검진 신장 질환 단백뇨,28
한쪽 코 안이 피 딱지 생기 기도,7
역류성 후두 염 바이러스 후두 염 건가,7
설사 변비 반복 소화 증상,4
담배 기침,2
미열,18
양제,24
구토,4
주방 세제,4
발목 발바닥,20
기능 소화 불량 증,4
만성 형 간염 간경변증 완치,4
답변 코 콧물,7
건강 체력 식후 식전 분뒤 운동,11
증상 요 배꼽 오른쪽 증상 간의 김증,4
목안 물질 진료 과로 가야,7
비밀 차단 효과 마스크,7
편도 위,7
오른쪽 배,4
운동 빈혈 때 마다,9
건강 체력 유 산소 운동 산소 운동 중 먼저,11
건강 체력 분 운동 효과 여,11
약 때 목구멍 입구,7
편도 위 혹,7
더러 세균 핸드폰 걱정,18
오른쪽 갈비 등쪽 통증,13
우상 복부 통증 복부팽,4
거북목 수가,12
혓바늘,7
혓바늘,7
혀 오른쪽 부분 목 목구멍 갑자기,7
심장병 수도,23
세균 핸드폰 걱정,18
설사약 스멕타 복 용법,4
진통제 등 상담,13
공황장애 스트레스 배,4
형 간염 예방주사 항체 언제,4
걸 때 오른쪽 배 통증,4
공황장애 원래 스트레스 배,4
아르기닌 복용 제품 비교 부탁,24
타이레놀 복용,2
약 복용 상담 타이레놀 알 알 복용,2
타이레놀,7
타이레놀 알 방정 알,7
타이레놀 알 알 복용,2
당뇨 환자,22
트림 속,4
위염 어지러움,4
변비 설사 반복 증상 소화 증산,4
자궁경부암 검사 결과,25
형 간염 검사 해석,4
가슴 중앙 통증,23
역류성 후두 염 바이러스 후두 염 차이,7
수제 요거트,24
차단 및 기능 소화 불량 약제 문의,4
눈,6
트림 이유,4
밤 눈 때 눈,5
아침 바로 텅빈,4
변비 물관,4
배 임신 건가,25
혈액 검사,9
비 간염 환자 건강 식품 섭취,4
포부 틴정 식후 복용 해도,4
식도염 천식 혹시 천식 증상,2
장 위장 것,4
여자친구 관계 배앓이 입원 간 물이 촬영 결과,4
차도 부비동염,7
손발 저리 입 등 증상,24
당화혈색소 변화,22
마 밀 하루 알,4
당화혈색소 변화,22
독감 예방접종 부위,18
항생제 자기,18
대장암 초기,4
비 간염 보균자 건강 식품 문의,4
웰콘정 처방전 살 수 변비 약,4
항 암치료 중 발열,18
형 당뇨 형 당뇨,22
골 밀도 검사 사진 개 첨부,22
급성 신부전 수치 여기 선생님,28
피로 스트레스 건강 악화 건강악화,24
자궁 종 검사,25
비타민 효능 사실,24
골 밀도,22
왼쪽 배 불편,4
감기 감기 기운,2
소변 검사 때 비타민,26
종합 비타민 셀 복용 장기 복용,24
클로자핀 당뇨,22
자궁경부암 검사,25
자궁경부암 검사,25
장염 걸 자궁 종도,25
일전 부비동염 상담 적 코 목,7
추가 스트레스 단순 몸살,2
자궁 경부 검사,25
당뇨 검사 인슐린 검사,22
거대 세포 바이러스,27
트림 우측 쇄골 통증,4
당뇨 검사 인슐린 검사,22
위암,4
인슐린 검사,22
장염,4
배꼽 위 명치 통증,4
장염,4
똥 설사,4
약물 알러지 대처 방법,27
도파민 관여 물질,8
영양 섭취 부족,24
증 환자 두통 심해,28
혈압 대학병원 외래 대학병원 외래 종합병원,23
추가 가스 때,4
증상 복합 미열,2
과식,4
장염 달동 지속 기도,4
혈압 약 복용 커피 섭취,23
수치 고혈압 수치 고혈압증 상이,23
고혈압 떄 다뇨 노랜삭 소변 증상,28
히스 재,4
현재 복용 약 타이레놀,2
부비동염,7
당화혈색소,22
자율신경 실 조증 증상,8
저혈압 일,23
머리 띵,6
웰콘정,4
머리,6
한미 오메가 연질 캡슐,22
액 효능,4
옆구리 평소 변비,4
한미 오메가 연질 캡슐,22
비수 대장 내시경,4
위 대장 내시경 흡인 폐렴,2
코로 날 파리 흡입,7
수면 내시경 면 보호자,4
코 성형 부비동염,15
목 항상 물감 역 냄새,7
장염,4
누우 숨 어디 가야,2
역류성 식도염,4
병 굳이 병원 개월 설사,4
위 대장 내시경 복용 약,4
고혈압 환자 장뇌삼 여,24
위 대장 내시경,4
살 녹내장,5
원장 의사 고의 신경치료 도중 상악동 물질 삽입,7
이비인후과 축농증 부비동염 촬영,7
위 대장 내시경 방금 위 대장 내시경 사람,4
미주신경 실신 때 구토 감,6
역류성 식도염 가슴 통증,4
항히스타민제 항 우울 양제 복용,8
역류성 식도염 질문,4
스피루리나,24
다이어트 케톤 체 양성,22
편도 암 편도 종괴,7
가스 소화,4
발가락 수술 마음 안정,20
전 날 오싹 증상 병원,8
가스 틴 정,4
부비동염 저녁 진통제 못,7
캡슐 효능,4
웰콘정 바로 누우,4
독감 예방주사 피하 주사,2
쯤 혈변 이후 론 변 자체 빨간색,4
과민성 대장 지방 변,4
폐렴 예방접종,2
야생고양이 병원,18
내시경 검사 후두 염,7
후두 염 증상 위 내시경 검사 곳 검사,7
혈압 변경 얼마나,23
후두 염 위 내시경 검사 검사,7
바나나 배,27
알러지 점안액,5
기립 저혈압 빈혈,23
몸살,2
매독,18
양제,24
복약 상담 남편 혈압 약 텔미 누보 고지혈증 약 레토 복용,23
침 피,2
변비 약 중단,4
쇄골 아래 오른쪽 통증,13
결명자 권 장량,24
턱걸이 자투리 시간 효과,11
변비 식품,4
증상 보시 병명 단순 위 무력 증,4
베 카 입문,24
예전 영상 의학과 이빨 가요,14
성인 독감 감기,2
복통 설사,4
밥 최소 시간 누,4
두통 등,6
상의 게실 내시경,4
치과 실수 고의 잇몸 이빨 사이 물질 엑스레이,7
이틀 볼일 아예,4
식후 부글 똥마려운,4
목 물감 질감 질문,7
영상 의학과 이빨 가요,7
혈압,23
산책 중 숨 심장 방망이 그냥 산책 쭉 잠시 벤치,23
감사 싱귤레어 뮤코 제의 작용 원리 요,2
싱귤레 어정 장기 복용 간부 작용 사례,2
머리,23
호산구 수치 기생충 감염 안해,18
안쪽 어금니 치통,7
단순 위 무력 증,4
비수 대장 내시경 사제,4
부비동염 엑스레이 이비인후과 검사 치아 엑스레이,7
초기 감기 증상 약 음식,7
변 검사,4
식도염 때 요구르트 요거트,4
공복 혈당 수치,22
후두 염 약도 소용,7
편두통 거의 올해 간혹,6
신장 물혹 혈압,28
가슴 마구 공황장애,8
가래 기침,2
건강검진 산부인과 검사,25
가스 차고 트림,4
혈압 고혈압,23
물집 질문 사람,0
물집 고름 물집,0
주 몸,24
발 보라색,10
미열 근육통 증상 주간 중,10
질환 생활 식이요법 개선 방법,24
,23
설사,4
운동 근육 몸속 암세포 악성 세포 증거,11
카베 진 복용 소화 바,4
원리,23
감사 소화,4
복부 맥박,4
정말 목칼칼,7
내시경 경부 초음파 이유,25
숨 쉬기 정말,2
두통 어지러움 헛구역질,6
혈변 소변,4
소화 불량 후두 염증상,4
폐렴 균 백신,2
곤 지름 검사,25
노트북 사용 두통,6
리포 말글루 타치 온 정맥 투여 글루 타치 온 중 효과,0
미세 단백뇨,26
두통 연관,6
어지러움 증 목 아픔 연관,7
완전 항문 괄약근 치료,1
간 유리 음영 결절 염증 흔적 등,4
소화기 수치,4
여자친구 관계 통증,26
목 물감 목 원인 소화 불량 수도,7
왼쪽 머리,6
살 고혈압,23
위염 증상 여부,4
식이요법 부족,24
눈,6
피 검사 각종 항목 수치 암 유무 유추,9
역류성 질환 좀더 내용,4
밤 누우 증상,4
약 양제 간격,24
양제 복용 알 복용,24
관계 배 통증,25
음식,24
밥 소화,4
목 물감 용 각산 효능,24
,25
뒤통수 통증,6
병원 채혈 가정 혈당 차이,22
혈압 체크,23
관절,11
유산균 독성,4
증상 식도암 죽 지경,4
성기 기둥,26
식은땀 면서 손 심장,8
알러지 오메가,27
처음 비염 고생 중이 다가 증상,7
목 물감 목,7
서혜부 임파선,26
건강 기능 식품 차이점,24
자궁경부암 주사 친구,25
역류성 식도염,4
역류성 식도염 증상,4
유산균 제품,4
운동 땀 신장 부담 덜 가게,28
혈당 문의,22
몬테 츄정 복약,7
장 누수 증후군 락토핏골드 변비 지루 두피 염 도움,4
역류성 식도염 중상,4
친구 산부인과 자궁경부암 주사,25
편도 키스 성관계,7
어지럼증 답변,6
고혈압 약,23
감사 빈혈 원인,9
어지럼증,6
폐 결절,2
손발 저리 두통,6
사진 더러 움 주의 혈변,4
공복 혈당 전후,22
목 약간 피,2
과민성 대장 증후군,4
좀 목소리 편,7
인후 염 용 각산 효능,24
장염 약 빈속,4
소화 불량 고생,4
배 전체 통증,4
안정 심박수,23
식도 점막 절제 술,4
신생아 개월 예방접종 대학병원 방문,18
묘 기증 역류성 식도염,4
식후 혈당 수치,22
아침 바나나,24
설사,4
목 물감 과 식도염,4
스트레스 목,7
마그네슘 섭취 방법,4
접종 기간,25
다리 감 피곤,11
사구체 신장병,28
목,7
대장암 수술 유산균 섭취,4
위염 위궤양 증상,4
명치 부분 거립니,4
소독 용 에탄올 흡입,4
오른쪽 배 통증,4
고혈압 답변,23
편도결석,7
비타민 하루 권 장량,24
바이러스 코로나 걱정,2
골 밀도 검사 방사 선량,22
고혈압 질문,23
비타민 과잉 섭취,24
냉방 병일,24
헛구역질,4
변비 약 성분 산화마그네슘 산화마그네슘 뭣,4
아연 섭취 기준,24
가슴 아침 얼굴,23
수치,4
심장 내과 이유,23
레이 노드 증후군,10
요즘 스트레스,8
추가 감염병 환자 소변 분비물 침등 접촉,18
요도 염,26
의료 상담 요청 로나 민 골드 정 뇌 세포막 통과 치매 예방 도움,8
코로나 증세 생활 공간 분리 언제,2
급성 미란 위염 증상,4
지속 변 면 동글동글 변,4
역류성 식도염,4
혈변 눴어,4
친구 증상 경동맥 박동 소리 게다가 이명 겹,7
고혈압 맥박 대면 몸 문제,23
가위 눌림,8
심장병,23
소변 검사 단백뇨,26
수치,2
금요일 화 밤 뒤통수,23
건강검진 당뇨 공복 혈당 더 정밀 검사,22
배꼽 아래,4
임파선,18
가슴 숨,23
가슴 답답 등 몸 상태 병원,23
목 가래,7
가슴 위 명치 뭐 증상,4
지우개 가루 흡입,4
변비 설사 대장암,4
전방 위증,12
수치,2
잔기침,7
변비 올리브유,4
소화 불량 개월 위 내시경,4
혈관 경화 요법 착색,0
간 낭종 간수치 질의,4
독감 등 예방주사,2
애 낳을 때 약 부작용 변비 해결 됫네,4
감,18
가래 피,2
사진 부위 심장 검사 사람,23
주전 검사 심장 촘파 운동 부하 단계 동맥경화 심장 정상 얐슴,23
체중 감소,22
자고 식은땀,24
자가면역질환 기관지 음식,27
사진 손 부위 통증,20
백혈구 수치,9
신경 뇌종양 소뇌,12
소화 불량 명치 통증 내시경 검사 주기,4
두통 증상 상황 코로나 두통 생각 듭니,6
사진 손 키 곳 혹시 코로나 검사 대상,2
오른쪽 목,7
대장 내시경,4
주전 냉 대변,4
체 뒤 후유증,4
머리 렁 구역 약,4
머리 아픔 렁,4
허리 통증 손발,12
마비 된거,4
관자놀이 핏줄 멍,9
밤낮 야간 근무 건강,8
네 김치,4
오른쪽 흉통,23
경도 승 판막 폐동맥 판막 역류 증,23
정수리 부근 통증,6
편두통,6
메녹틸정 가스 때 효과,4
생리 증후군 변비 생기 기도,25
가스 틴 에스 알 정은 약,4
복통 심해,4
심전도 사진,23
인슐린 마지막,22
저녁 혈압 더,23
어지럼증 몸 기운 체,4
내시경 결과 재,4
운 두통 속,4
위축 위염 장상 피 미란 위염 식도염 신부전,4
위 내시경 결과,4
거북목,12
흉부,17
아기 돌 발진,0
당뇨 합병증 확률 질환,22
머리 외상 간 적 외 사시,12
명치 끝,17
심전도 이상 초음파 심장,23
몸 힘 다리 누우,6
세인트존스 워트 국내 의약품,24
정장 매일 복용,4
편두통 약,6
왼쪽 가슴 부근 통증 질문,23
혈압 이완 답변,23
코 포르테 시럽 포 복용 음주,2
건강검진 간수치,4
혈압 이완,23
혈압 이완,23
약간 복통,4
몸 발열 코로 나일,2
편도 질병 법,7
근이완제 위장 약,4
몸 감 건,18
간 항목,4
전신 감각 이상,6
배 살이 유독 이유,22
식후 혈당,22
아스 페르 길 루스 증 항 알러지 주사,27
층 흡연 갈색 가래 발생 수도,2
위 부움 스트레스,4
한쪽 팔다리 힘,6
위 부움,4
저녁 혈압 더,23
기침 코로나 증상,2
메녹틸정 때,4
살이,22
기립 저혈압,23
메녹틸정 약,4
부정맥 검사,23
과민성 대장 증후군 처방약 성분,4
팔베개 슉슉하 소리,7
당뇨,22
당뇨 허기,22
약 성분 저 중 메스꺼움 약 건가,4
전신 두드러기 약 중 조영제,27
변비증,4
소변,26
아기 미열,2
체중 감소 갈비뼈 등,13
원장 추가 편두통 원래 양쪽 번갈아 가면 수도,6
달반 주사 부근 두드러기,0
예방접종,25
마 밀 효과,4
변비 기도,4
배 거 변,4
눈 초점 주위 중 일부 증세 구역 감,5
비타민,24
목 목마름 증상 목 내시경 검사,7
목 칼칼 겸 검사 괞,7
후두 염 증상 목 칼칼 서약 위 내시경 검사,7
고지혈증 약 바로,22
약국 판매 영영 제도 합성 비타민,24
감전,21
아버지 가슴 성적 피로,23
손 과,24
안구 통,5
조금 어도 두통,5
눈 앞 부분,5
이전 심장병 라면 의 심잡음,23
부정맥,23
천식 알러지 의료 상담 요청,27
엄마 형 간염 보균자 혈침,24
배변 습관,4
웰콘정 효과 건가,4
매일 변 양,4
체,4
그냥 가래,2
입냄새,4
판 토라 인과 라비 트,4
추가 홍인 표 전문의 님 알러지 비염,7
감사 바로 정 피타 바스타 틴 저녁,22
네 코피,7
알러지 약 질문,27
우유 웰콘정,4
가래 계속 헛기침 고,2
락토 프리 우유 유산균,4
웰콘정 마 밀,4
식도 경련 수도,4
기침 증상 코로나 증상 인지,2
엠에스 엠 장기 복용,20
고지혈증 약 바로,22
양제 추가 질문,24
명치,20
식은땀,24
아기 코딱지 이쑤시개,7
코로 음식물 역류,4
갈색 가래,2
위 내시경 목 통증 발열,7
양제 성분,24
고막 체온,18
날때,2
증상 콩 코르 정,23
잠 두통,6
항진,23
증상 소변 검사,26
항진 과 손목 맥박 수도,23
인슐린 호르몬 분비 증가,22
스파르가눔 기생충 감염 서요,18
여자 팔 왼손 저림 심장 부근 가슴 등 욱씬거림,6
구충제 복용,4
증상 당뇨,22
과일 주스,4
목 물감,7
구충제 복용,4
일사병,21
감기 약과 피임 약 복용 상호작용,25
편도염 코로나,7
목 가래 피,2
혀 안쪽 미세 유리 조각,21
목 가래 피 코로나,2
특정 음식 토,27
종양 표지,4
후,22
종합병원 위 내시경,4
난소 낭종,25
금요일 어지러움 증상 더위 먹음,21
맥주 소주 중 몸 더 뭘,4
기침,2
가슴 식사,4
위염 위 무력 증 위 하수 운동,4
라면 섭취 배 살살 설사,4
대변 거품 일어,4
가슴 답답 증상,4
눈 물감 두통,5
매독 증상,18
곰팡이 질문,18
제산제 복통,4
편도염 성병 편도염,7
집 지니 상비약,21
홍인 표 현재 증상 가스 상태,4
몸 양제 모기 약 구입,24
간수치,4
생리 체온,25
설사 열 조금 건가,4
암 중 담배 몸,2
평소 냉 소화,4
홍인 표 술 아주 가끔,4
변비 배변 위,4
병원 후두 식도 역류,4
트로포닌 수치 정상 인지,23
건강 검진 결과 간,4
피부 발진 습,0
소변 크레아티닌 수치,28
심박수 바로,23
혈당,22
목 가래 대학병원 이비인후과 진료,7
왼쪽 턱밑 목젖 주위 통증,7
목 물감 소화 관계,4
목 현상,7
재차 항문 약 복용 위 증상,1
헌혈 건강,9
단순 장염,4
단순 장염,4
골다공증 검사,22
배변,4
기침 때 배 통증,2
비 스테로이드 소염제 위궤양 자연 치유 재발,4
미열 몸 감,2
빈혈 검사,9
이마 몸 감 더위 먹음 건 사진 첨부,2
거품 변 노란색 변,4
여름 감기 코로나,2
가끔 기침 기침 컹컹 소리 걸,2
열 사진 첨부 더위 먹음,21
고지혈증 약,22
음식 목구멍 통증 심해,4
목 물감 목,7
고지혈증 복용,22
검은색 변,4
증상 열,18
색 변,4
어지러움,6
소화기 내과 내시경,4
장내 세균 증식 치료 어덯 치료,4
하나 더 느낌 약간,6
이유 흉부,23
역류성 식도염 약 복용 중 어지럼증,4
혹시 미열,2
코엔자임큐텐 양제 냉장고 보관 해도,24
장염 약 질문드랴,4
응급실,21
목 목칼칼 느낌,7
공복 혈당 연령,22
위축 위염 건가,4
목젖 부근 통증,7
방금 기립 저혈압,23
기립 저혈압,23
기립 저혈압,23
설사 점액 피,4
흉 통과 갈색 가래침,2
더위 증상 몸살,6
식도염 약 복용 때 어지럼증,4
복부 팽창,4
질문 정말 일반인 인슐린 사용 근육 방비 더,22
왼쪽 측면 위쪽 머리 부분 정수리,6
입술 아래 턱 뼈 통증,6
목칼칼 답답 음음 목 조금,7
기침 주 이상 코 목 이상무,2
배랑 등 통증,4
증상 열,18
형 간염 항체 저절로,4
자궁경부 이형성 증,25
고지혈증 진단,22
장염 위염 차이,4
체중 감소 팔다리,6
피 검사 백혈구,9
소금 섭취 량,24
변 볼때 힘 주 위 무리 가나,4
곰팡이 종류 확인,18
인슐린 말단비대증 남성화,22
비타민 칼슘,22
골다공증 예방 위해 칼슘 약 게,22
제한 환기 장애,2
자궁경부암 검사 해석,25
사후 피임 약 복용,25
위 내시경 음식,4
가슴 답답,23
심박수 가요,23
장염,4
위 무슨 병 소화 불량,4
한쪽 손,6
위장 법,4
장염 화가 처방 위염,4
요새 엄마 곤란 구역 구토 고생,4
경추 디스크,12
질 체력 운동 시작,11
몸살,2
장염 변비 사과,4
복통,4
백신 또,18
등 상처,0
밥 식후 혈당 이면 정상인 건가,22
당뇨 식단,22
위염 위장염,4
형 간염 활동 판정,4
당뇨 정밀 검사,22
장염 이후 위염 오기,4
마 밀 기도,4
배 증상,4
체중 감소 카 등등,22
병 담 위염 식도염 소화 불량,4
식후 혈당,22
고기 설사,4
복부비만,22
당뇨 질문,22
음식물 옥수수 알 기도 가능성 증상,2
불안 증후군,8
치약 실수 약 복용,4
자궁경부암 검사 비정 세포 이유,25
수막 균 예방접종,18
복통 추가,4
가슴 통증,23
췌장염,4
목 물감 아침 목,7
위 증상,4
홍삼 부작용,24
피 검사 소독 솜 사용,18
장염 속 가나,4
간 기능 수치,4
위암,4
갑상선 수술 성적 칼슘 환자 이상 칼슘 복용 문제,22
자궁경부암 검사 결과,25
내시경,4
비오틴,24
양배추 즙 권 장량,24
몸살,2
위산 잠깐 역류,4
열 설사 근육통 혹시 코 비드 증상,2
인후 염 뭘,7
심장 검사 더리 중,23
목,7
술 약,4
당뇨 환자 홍삼 오메가 요,24
비타민 섭취,24
오메가 보관 법,22
요가 운동 때 위 신물,4
신경 위염 머,4
식사량 평상시,4
복통,4
뱃살 제일,22
병원 속 진단,4
마이쮸 목,21
씬지록신 복용 트립토판,22
건강검진 당뇨,22
목 상당,24
갑상선,22
생수 때 단맛 이나 이유,24
관장 약 게,4
건강 기능 식품,24
이번 피 검사 비타민,24
지금 식도염 약 복용 거의,4
유로 겐 수치,4
양치 입헹굴때 목 피 냄새,7
칼슘 추가,22
장마철 곰팡이 아기 아기 요,18
고혈압 커피,23
소화 불량 숨쉬기 열,4
지금 다이어트 네오,22
가슴 답답,23
설사,4
마 하루 알,4
개 월동,6
어지러움 증,6
혈당,22
목 물감,7
대변 볼때 배 통증,4
저녁 오이 위산 역류 칼라 지아,4
늑골 은 결합조직 장애,10
사제 놀 복용,4
운동,2
고혈압 약 복용 장기 손상 근거,23
자궁경부암 관계,25
티 파정 티리톤정,4
식욕부진,8
위산 제약 위산,4
가슴,3
당뇨 것,22
몸 감,2
목 아픔,7
쇠약 감 피로 증상 거,24
혈관 여부 알 볼 수 검사,23
혀 옆 뭐,7
설사,4
타치,7
식사 때,24
초 살 피똥,4
약 반년 숨쉬기 답답,2
머리 속 얼굴 안쪽,6
자고 쌍 풀 사진 여기,28
현재 증상 식도염 알레르기 식도 이완 불능 증인,4
자고 쌍 풀,28
웰콘정 변비,4
변기 혈뇨,26
모기 물리,0
심박수 증가,23
알 벤다 졸 구충제 양제,24
오메가 출혈,9
목 물감 스트레스,7
해 포스 레오,24
혹시 공복 혈당 때 물 결과,22
혈당 문제,22
소변 검사 결과 체크,26
해 포스 레오,24
류마티스 다발 근육 염,10
목,7
목 이상,7
심장 검사 질문,23
장염 속 미식 거림,4
심장,23
질문 심장,23
가슴,23
식도 압 검사 하부 괄약근 압력,4
장염 퇴원 사과,4
후반 여자 일시 쇼크 긴장 풀림,6
숨 가래,2
두유 아픔,4
편두통 진통제,6
빈혈 검사,9
장염 퇴원 샐러드,4
장염 변비,4
편도염 코로나 수도,7
편도 몸살 증상,7
지르텍,27
추가 요 위장 장애 부작용 약,4
통수,12
하지정맥류,17
머리 한쪽,6
왼쪽 저림 증상,6
관절 사타구니 통증,20
목안 물감,7
목 매일 목 위로 뻐벅 뼈 소리,7
손톱 밑 모세혈관,10
연속 두통,6
턱관절 두통 어지럼증,24
관계 통증 질문 남자,26
소변 거품 당뇨,26
자궁 선근 증,25
일본 고혈압약 질문 사람,23
아침 약 복용 저녁 음주 여부,4
일본 고혈압약 약 정보,23
당뇨,22
당뇨 약 복용,22
가스트린 종은 점막 결절,4
유전자 유전자 유전자 건가,4
십이지장 궤양 위산,4
종아리,24
공복,4
구강 감,10
비만 세포 사람 라면 정상 세포,27
유리 조각,21
칼 테오 칼슘 반감기 시간,22
저희 할머니 피멍,9
하루 끼,22
수치 복용 시기 내분비 내과 답변,22
식중독 주일 이상 기도,18
수치 복용 시기,22
비만 호흡 상태,22
단백질 보충 섭취 법,24
트루 패스 구강 붕 해정,26
위염 치료 중 귀 염증 약,4
생리통,25
술 명치 부위,4
가슴,23
현기증 저체온증,6
과 호흡 전해질,28
입안 혹시 배 체트 병,10
수면 내시경 피로,4
몸 마그네슘 부족,6
수술 한코 염증 검사,15
역류성 식도염 회복기,4
밥 위 불편,4
위염 식도염 두통,4
배 걸 배,4
빈혈 원인 알 수 검사,9
응고 피 변 주변 피,4
주사 멍 금방,0
양쪽 점액 낭종 왼쪽 부비동염 수술,7
신경 차단 주사 시술 투여 액,13
과도 단백질 극단 탄수화물,24
변,4
갑상선 초음파 결과,22
감 재,2
마 밀정 하루 식,4
몸 감,2
감,2
심장 질문,23
재 부위,22
식도 압 검사 정상 역류 이유,4
골다공증,22
골다공증,22
살 골다공증 확률,22
변비,4
장염,4
시판 진통제 타이레놀,13
타이레놀,13
가정 혈압 병원 혈압 차이,23
신경치료 이빨 통증 치성 상악동 염,14
가지 기립 협압,23
메리 골드 차 유통 기한,24
콜레스테롤 저하 비 약물 복용 약물 복용,22
어지럼증 소화 불량 때매,4
점액 변,4
성인 백일해 예방접종,2
집 글리세린 관장 때 요,4
두통,6
여름철 식중독 배탈,4
배 증상,4
다이어트,22
배 바늘 처럼,4
아침 식전 식도염 약 바로 걷기 운동 해도,4
아침 식전 식도염 약 걷기 운동 해도,4
장염 약,4
넥 시메 졸 캡슐 식후 복용,4
위염 역류성 식도염 오티렌 정,4
신경 일이 증상,8
앞목,24
스트레스 바로 위 통증,4
식도 산도 검사 이유 가용,4
성병 편도염 사이 관계,7
경부 초음파 관찰,7
현재 머리 재 대학병원 라면,6
결명자차 식수 대용,24
현재 머리,6
위 용종,4
목 물감 차 병원 진료,7
결명자차 대장 갈색,24
칼슘 수치,22
밤 왼쪽 머리 느낌 왼쪽 정수리 부분 시림 증상 내용 추가,6
깜짝 심장마비 수도,23
이뇨제 복용 중단 체중 증가,28
몸살 감기 코로나 증상,2
피지 낭종,22
비타민 스테로이드 성분,20
청소년 질내사정 임신,25
목 멍울,7
당뇨 가루 복용 약물 상호작용,24
구토 소화 불량,4
위 내시경,4
목 멍울 증상,4
가슴 가운데 통증,23
밤 누 때 왼쪽 옆 머리 느낌,6
아침 위,4
아기 오일 먹음,4
악보 휘 종종 머리,5
임신 테스트 결과,25
운동 기초 체력,11
장염,4
폐암 확률,2
후두 식도역류 목 현상,4
노 스위퍼 서요,7
침 때 가래 때 목 뚜둑 물감,7
목 물감 고민,7
특수 건강검진 음주,4
생리,25
질문 임신 가능성 증상,25
골다공증 신장 질환,28
증 치료,7
신지 이드 갑상선 저하 증 약 덱실란트 디알 캡슐 복용,22
아기 토,4
과민성 대장 증후군 수,4
파상풍 재,18
파상풍 재,18
역류성 식도염 유제품,4
왼쪽 가슴 송곳 통증,23
목 고생,7
침 때 목 뚜둑 물감,23
보고 추가 대장암 등 질병 걱정,4
목소리 쉬 평소 차이점,7
뇌 질환,6
위 전반,4
위 상태 증상 번,4
왼쪽 눈 안구 통과 두통 머리 이명 소리,7
물 하루 리터 가까이,24
당뇨 약 복용,22
위장 증세,4
변성기,7
손가락,20
과 나이,28
개선,28
허리 둘레 복부비만 상관관계,28
의문 연락,28
간수치,4
수치,22
길 고양이 발톱 상처 근육통,18
식도염 약과 양배추 즙 간격 복용,4
갑상선 크기,22
코 세척,7
점성 화학물질 흡입,21
혀끝,7
일자 목 어깨 목 통증 호전 연관,24
갑상선기능항진증 피 검사 결과,22
피 성형수술 전과 사항,7
아이 혈변,4
어르신 소화 불량 마사지,4
음식 구토,4
감염 확률 생각 마음,18
청소년 산부인과 보호자 갈수 임신 초기 증상,25
답변 빌리루빈 다음 검사,4
역류성 식도염 성대,4
입안 볼 덩어리,14
알부민 크레테,28
사람 기준,28
나이 증가,28
빌리루빈 수치,4
보충 자료,28
길고양이 발톱,18
식도염 약 부작용,4
자궁경부암 검사 방법,25
음식 구토,4
고혈압 운동 방법,23
자궁경부 확대 촬영 검사,25
자율신경,8
손,6
역류성 식도염 복용 여부,4
장염,4
기간 개 월동 성관계 못,25
증상 심장 불규칙,23
역류성 식도염 상태 성대 성형 술,15
증상 과로 증상,24
폐렴 예방 접종 프리 베 주 팔 통증,2
혈변 병원,4
목 물감 검사 후두 검사,7
식도염 약 복 용법,4
수면 위 경후 통증,4
설사,4
식후 등산 소화 지장 생각,4
배아픔,4
코 입 손 정제,21
편도 결석 사람,7
위 천공 사람,4
위 천공 일지,4
놀텍스 덱 스피드 시복 용해도,13
음주 기침 염증,4
성대 성형 술 가능 여부,7
과민성 대장 증후군 항문 통증 성기 움,4
배꼽 통증,4
턱 몽 우리,7
추가 입 자구 쫌,10
위 내시경 과정,4
입 창 소금물 가글 도움,14
배,4
근력 운동,11
콩 코르 정,23
두통 안구 통,5
장염 말씀 추가,4
과민성 대장 증후군,4
소변 색상,26
밀크 시슬 고지혈증 약 복용 문의,22
침 물 목 통증,7
안구 통 두통 신경 가야,5
얼굴 코 편,15
일 목 현상,7
방수 스프레이 흡입,21
장염 학교 수,4
가슴 통증,23
남자 배 통증,4
장염,4
식도염 약 유통 기한 질문,4
동맥 발기부전 앞 해결 방안,26
음주 설사 스트레스,4
차병원 뇌경색 진단 대학병원 가야,6
콜레스테롤,22
과로 증상,24
거품 뇨 사진,26
침 때 듯 추가,7
침 때 듯,7
장염 고열 동반 수,4
내과 병원 장염,4
아래 입술 물집,0
갑상선 정상 수치,22
어째서 코로나 가능성 가용,2
코로나,2
고혈압 동맥 발기부전 발기부전,23
코로나 동선 안겹 수,2
소론 도정 에소 듀오 정 상호작용,4
백내장 양제,5
라미 액 상한 걸 복용,4
야간 근무 저녁 시간,24
콜레스테롤 오메 가제 하루 번 복용,22
감사 콜레스테롤,22
후두 통증,6
고혈압 발기부전,23
흉부 통증 부터 고생 가야,23
어지러움 가슴 무거 움,23
귀 리나,7
역류성 식도염 호흡 곤란 오진,4
체,4
이비인후과 목 기관지 가래,7
오한 근육통 코로나 검사,2
당뇨 수치 여기 대한 평가,22
초고 비만 다이어트,22
설사 배 근육 긴장 건가,4
기초 체온 이예,18
병원 다리 쥐,24
통수 목뒤,24
수면,8
공복 위산 분비,4
콜레스테롤,22
가래 호흡 곤란 증상,2
지난주 부터 머리 처방 약 두통 어지럼증 건 요,6
심장,23
몸 다운 몸 상태 건가,11
작년 증상 아래 시작 증상만 공황장애,8
기초 체온 이예,18
이틀 경과 변 대변 색깔 모두 정상 어디 곳도,4
비타민 주사 멍울 감 부작용 문의,22
귀 통증 지금 미국 병원 갈수,7
형 간염 마지막,4
추가 방금 형 간염 사람,4
역류성 식도염 비염 약 복용,7
체중 감소,7
방금 세부 대장 내시경,4
대장 내시경 약 복용,4
정수리 오른쪽 부분 두통,6
우유 유통 기한,4
염색 알레르기,27
코로나 증상 단계 별 발현 내용,2
귀 통증,7
찬물 오한,4
콜레스테롤 위험 수준,22
혀 입천장 자꾸만 지면,14
자궁경부암 검사 성관계,25
전 손목 발진,0
증상 가끔 호흡 불편 가끔 목조,2
입천장,14
오메가 끈 데 건가,22
빈맥 가끔 가슴 압박 감 순환기 내과 진료,23
복부,4
정신과 약 나 냄새 몸,8
내용 재질 이요 쌤 천식,2
목 오른쪽 부분,13
위산 과 다가 저하 제산제 오히려 역효과 던데,4
위 내시경 전후 증상 검사,4
당뇨 단계 인지,22
왼쪽 가슴,23
살 아이 머리 적,6
땅콩 배 통증,4
항상 어지럼증 증상 미세 항 두통,6
스쿼트 운동 발의 모양,11
익 상견 갑 일자 목 교정,24
편도결석 냄새 안나,7
개월 아이 설사,4
공복 혈당 당화혈색소,22
생리 기준,25
소화 양치 혀 때 오바이트,4
거품 뇨,26
왼쪽 갈비뼈 하단,13
폐렴 예방 접종 답변 주신 대해 추가,2
군 발성 두통,6
고혈압 건강,23
갈색 변 변 내과,4
갈색 변 검은색 변,23
긴장 두통,6
폐렴 예방 접종 스테로이드 치료 문의,2
목 물감,7
우슬 대한 재,24
차 접종 성관계,25
피부 패임 질문,0
작년 설사,4
독시 클린,18
피임 약 복용 복통,25
내시경 결과,4
베 체트 장염 가능성,4
목 물감 고통,7
목,24
복용 콜라,24
오메가 권 장량,22
미열,2
역류성 식도염 유산균,4
더위 땀 오한 기도,28
당뇨,22
가려움,0
당뇨 환자 다이어트 단백질 섭취 량,22
콜레스테롤 수치,22
야식 다음 날 아침 공복 혈당,22
양제 복용 시간 식도염 질문,4
부작용 인지,27
성대 구증 수술,7
우슬환,24
어지럼증 검사,6
푸리 민정 선생님,24
콜레스테롤 중성 지방 수치,22
푸리 민정,24
콜레스테롤 중성 지방 수치,22
배 이주,4
식도 입구 바닥,4
기도 식도,4
땅콩,4
장염 변,4
안면 마비,7
운동 만하 토 병원,4
몸 감,24
추가 우유 두유,4
어깨,11
위엔 탑정 복 용법,4
추가 녹차 파우더 우유 타 효과,24
중성 지방 콜레스테롤 수치,22
동맥경화,23
미녹시딜,0
뇌 요,6
목구멍 돌기,7
유산균 유통 기한 바로,4
운동 코치 분 벌 라이프,24
유산균 양제 복 용법,4
입술 색,0
심장 판막 증 뇌출혈 등 가족,23
벌 라이프 쉐이크 벌티 추천,24
숙변 암 성인병 원인 수 기사 적,4
심장 응급실 피 검사 때 고지혈증,21
마음 대한 치료 수,8
급성 변비,4
곤란 정신 신경 통증 수도,6
이비인후과,7
귀마개 청력,7
배 소리 아주 물 소리 두꺼비 소리,4
예방접종 부위 결절,0
살 키도,22
물 화장실 하루 선 제일,24
예전 주사 때 물 감염 생명 지장 수도,18
성정체성 번,8
코 코,7
탄수화물 섭취 또한 운동 종류 도움,24
목,7
예방접종,25
자궁경부암 대한,25
임신 가능성,25
배 설사 배,4
두통,6
대장 내시경 결과 이상 소견 직장 부위,4
혓바닥 밑 또 다른 살이,14
배 꾸르륵 배 가스 머리 아픔,4
대변 복부 통증,4
아가 토,4
혈압 오르락내리락,23
항문 선 홍색 출혈,1
목,7
심장질환 일 확률,23
왼쪽 두통,6
설사,4
면역 치료 때 고양이,27
한가지 자가면역질환 다른 종류 자가 면역 질환 오기,10
심장 보통 걸 의미,23
저희 어머니 원래 저체중 데 재작년 갱년기 살이 더,25
빈맥,23
오른쪽 머리 듯,6
배 통증,4
열 오르락내리락 코로나,2
열 고열 피곤 어지러움 눈 아픔 설사 기침 감기 몸살 코로나바이러스,2
급성 기관지염,2
편두통 뇌졸중 가능성 대하,6
목 부분 두드러기,0
구내염,14
비염 축농증,7
목 힘줄,11
타이레놀 현재 처방약 복용,13
프 캡슐 헤르 정 무방 나나,23
형 간염 주사 멍 수,4
배 설사 똥,4
만성 염 추정 인 어머니 케어,4
오른쪽 가슴 통증,2
두드러기,0
마그네슘 철분,4
,2
폐렴 예방접종,2
콜레스테롤 수치 약,22
손톱 가로 뭔가,0
자세,11
왼쪽 팔뚝 기분,20
다이어트 어지럼증 현기증,22
편도,7
연하 검사 글,11
가슴 심장 아픔 왼쪽 승 모근,23
손목 혈압,23
강건 조증 쇼 렌 증후군,10
오른쪽 목구멍,7
음식물 목,7
엑스레이 음식물,4
방금 생리 시작 혈액 검사,25
음식 왼쪽 부근,4
앰씰 린 캡슐,18
손 반점 거,0
가슴 왼쪽 통증,23
기도 음식물 때 전의 궁금증,2
블루베리 권 장량 블루베리 요구르트,24
면소 체 검사 석면 노출 검사,2
평소 다른 두통,6
플라스틱,21
운동 노화,11
위 내시경,4
당뇨 환자 다이어트 식단 운동,22
에탄올 체내 흡수 현상,4
위 내시경,4
이유,4
철분 것,9
폐간 움,2
야채 식단,24
갑상선 결절 등 이후 조치,22
몸무게,22
차 지하철 숨쉬기 어려움,8
정수리 편 머리 전기 찌릿 듯,6
인플란트 식 립하 골다공증 주사 생각,14
얼굴 헤르페스 전조 증상,6
수술 장마 비 폐색,4
배 가스 차고 배,4
두통,6
충수염 수술 구토,4
흑색 변,4
아이 볼거리,7
연속 복통,4
목 현상,7
밥 뱃살,4
저혈압 호흡 곤란,23
비염 주파 하비 갑 절제 술 대하 전문의,7
알프 람정,8
흑색 변,4
입술,7
손톱,0
피임 약 복용 항생제,25
더위 안약 인공 눈물 냉장 보관,5
간암 유전자 검사 결과,4
약간 부정맥 고지혈증 처방,23
차 접종,25
음식물 섭취 때 꿀꺽 꿀꺽 저절로 건가,4
한약 간,24
헬리 코박터 파일 로리 균 치료 중 변모,18
기립 저혈압 줄 불안 정성 협심증,23
자고 코 걸,7
새벽 흉통,23
큐 수술 전후 권고 이유,0
콧물 가래 초록색 알갱이,7
잇몸 염증 구내염,7
머리 정수리 편 전기,6
배 여기저기,4
평상시 심박수 기립 저혈압 증세,23
급성 호흡 곤란 증후군,2
왼쪽 가슴 통증 새벽 협심증,23
빈혈 호흡 불 증상,9
오른쪽 정수리 전기,6
아이 연기 때,2
목,7
목 가래 소리 숨,7
아침 피로,24
복통 가슴 심장 통증 구분,23
코로나 증상 머리 열도 기침,2
은박,21
코로나 물 설사,4
명치 설사,4
변색,4
역류성 식도염 숨 수,2
방금 트림 원리 질문,4
인중 피부 구진,0
트림 원리,4
번 위경련,4
모기 때 모기 침 입,18
예방접종 부위 하루,0
혹시 가래 천식,2
간수치,4
자두 씨,24
청소년 우울증 년 대학병원,8
글루타민 섭취 시간 섭취 량,24
정액 손가락 삽입 통한 임신 사례,25
임신 가능성 성기 삽입 일체,25
직접 삽입 임신,25
목 물감,7
목 현상,7
임신 가능성,25
피임 약 임신 가능성,25
목 물감 호흡 곤란,7
자두,4
빈혈 사람 철분,9
니코틴 검사,2
전립선염 도움 양제,25
요실금,26
임신 혈액 검사 결과,25
임신 가능성,25
장애 흡인 폐렴 문의,2
식도 역류 기도,2
자궁 선근 증 증상 호전 방법,25
마그네슘 보충 질문,4
세로자트 철분,9
임신,25
몸 털,0
에스 졸정 라미 액,4
소화기관 두통 가요,6
천식 원래,2
콘돔 관계 때 당일 피임 약 복용,25
숨 힘 듭니,2
장애 음식 기침 꿈 병원 가야,11
피부 과 휴지 탈모증 판명,0
피임 약 생리 안함,25
에스 졸정 은 라미 액 복용,4
심박수 후 갑상선 항진 증 증상,22
키 성장 건강 기능 식품,24
자궁 내 정자 생존 기간 정액량 관계,25
입원 중 수동 혈압 재고 팔 상처,0
갑상선 수치 정상 갑상선 호르몬 수체,22
헬리 코박터 파일 로리 균 치료 약,18
자꾸 신경 병원 방문,8
간과 눈 충혈,5
천공 질문,4
중 생리,25
간이 눈 충혈,5
소화기관 천공 등 생명 지장 질환 발생 가능성,4
멀미 얼굴 이유,4
새끼손가락,6
폐 심장 똑 똑 소리,23
식사 도중 사람 등 손바닥 치면,4
가슴 통증 때 오른쪽,23
오른쪽 복부 시작 불편 감 해결,4
임기 냉 시기 질문,25
아침 오른쪽 가슴 낮,13
식사 가슴,23
복부 통,4
충녹증,7
임신,25
잇몸,14
피임 약 복용 항생제,25
심장 검사 비용,23
음식물 입 위 평균 시간,4
간과 눈썹,0
형 간염 항원 항체,4
발 뒤꿈치 부분 통증,20
전신 근육,6
미녹시딜 복용,0
임신 가능성,25
테트락심 예방접종 햊빛,27
목 가슴 팍 식후 목 가슴 팍 감,4
추가 사후 피임 약 처방 복용,25
혈토 혈변,4
농축 비타민 중,24
손톱 밑 영양소 건가,24
혈토 혈변,4
신생아 목욕 때 때,0
링겔 뒤 피멍,0
혈압 약,23
탐폰 이용 독성 쇼크 증후군,25
심장 쿵 기분,23
위 내시경 왼쪽 배 욱신거림,4
편두통,6
위장 장애 입냄새,4
양제,24
피부 오일 페이퍼 사용,0
신생아 눈 마 플러스 스프레이 분사 액,5
복통 변,4
피임 약,25
술 양제 복용,4
라면 덜 습관,4
배,4
설사 내과 가면,4
다시 식도암 증상,4
음식,4
거미줄,4
무릎 장판,20
단핵구 수치,9
프리바이오틱스 유산균 매일 효과,4
축농증 약,7
기침 헛구역질 자칫 복강 내출혈 수,4
혹시 물 캡슐 알약 먼저 때 목 날 수,7
양제 성조숙증,24
데소나 크림,0
청소년 비타 치 때 키 성장 방해,2
아스타 펜 정이 건가,13
역류성 식도염 후두 염 차이점,4
숙면 취하 위해 병원 도움,8
복용,24
심장,23
목 통증,7
채혈 멍,9
전 심장 통증 폐쪽 통증 어디 병원 가야,23
어머니 혀 정말 음식,7
물 동안 소변 얼마,28
혹시 형 간염 혈액 감염 질병 감염,4
생리 날 편두통,25
생리 편두통 눈데,25
생리 여성 청결 제로 질 세척 해도,25
능 장애,22
여드름 스트레스,0
연어 셀러 드 비 브리 패혈증,18
왼쪽 엄지 근처 쥐 다음 날 자리 피멍,0
목 스트레칭 혈관,11
때 왼쪽 가슴 통증,4
진료 비 세부 역서 검사 항목 성병 검사 게 기재 성병 검사 건가,25
혓바늘 혀 전체,7
당분 음료 동안 당분 몸,22
거의 설사 건가,4
목 뼈 위치,4
전 파상풍 주사 팔도 목 예방주사 일 수,18
주전 소화 불량 증상 이후 의식 트림,4
망막 열공 레이저,5
피로 감 기간 혓바늘,7
근육,6
아버지 뇌출혈 건강 관리,11
뇌졸중 눈,6
띄엄 띄엄 두통 띄엄띄엄,6
대장 절제 술 간 적 복통,4
환자 바늘,18
형 간염 혈액 감염 질병 감염,4
미노 씬 취침 복용,18
목 스트레칭 두통,24
허벅지 힘,11
입술 안쪽 살,7
샤워 때,6
철분 복용,9
혈관 두통,6
주니 주변,26
몸 상태 별로 하니 스트레스,24
띄엄띄엄 두통 띄엄띄엄,6
몸 상태,24
음식물 소화,4
식 습관,4
발 지압 혈액 순환 의학 신빙,24
아침 공복 혈당,22
수액 투여 연결 부가 장시간 방치 감염 위험,18
항생제 소염제 복용,18
유산균 선택 여부 대하,4
입 혀 아주 증상,7
파상풍 백신,18
가슴 건 부분 서일,23
머리 지끈 지끈 거립니,6
목 스트레칭,11
팔 쪼 보라색 뭘,0
질문 관 식후 양제 번 다,24
콜레스테롤 수치 변화,22
양제 복용 질문,24
목 스트레칭 두통,6
손 핏줄,17
양제 복용 문의,24
치실 사용 방법,14
만성 갑상선 염 레이브 스 병일 수,22
흉곽 신경 말초신경,17
기침 고치,2
위 내시경 주의 사항,4
폐 물 물질,2
피부 다량 살충제 홈키 파 등 살포,0
글루타민 글루 타치 온 차이 더 침 강박증 증상 불안장애 위장 애도,8
가슴,23
목구멍 열,7
대장암,4
복강 수술 뱃살 사람 사람,4
식도염 약 복용,4
피임 약 복용,25
운동 단백질 섭취,24
질문 호흡 곤란,2
단백질 보충,24
우측 위 사랑니 발치 자리 양치 입냄새,14
비타 치 청소년 피 키 성장,2
식도염 생기,4
섭식장애 악화,8
철분 장기 복용,9
번 발뒤꿈치 증상 이후,20
사타구니 멍울,26
배 찟 정도 운동 키 방해,4
피부,0
중 소아 비만 내분비계,22
손 증상,28
어머니 귀 귀 주름,7
코로나 증상,2
손 증상,28
위 경후 약,4
비염 완치,7
몸 물집,0
위통 소화 장애 혹시 변인 변 사진,4
지방간 갑상선 저하 증 임신 당뇨,7
배 통증,4
증상,22
선크림 햇빛 비타민 차단,0
,6
이상 물 분유 먹이 사카 자키 균 감염 확률,18
혈변 대장암,4
무좀,22
혈변 정도,4
당뇨 환자 식당 밥,22
큐메 토론 점안액 인공 눈물,5
아르기닌 복용 얼굴 홍조,0
혈 변일 변 사진,4
폭식증 구역 인체 부작용,8
목 아픔,7
혈압,23
코 뒤쪽 목,7
다이어트 하루 끼 끼 양도 습관 건가,22
구내염 흉터,14
토 헛구역질 기분 이드,6
무릎 통증,20
갑상선기능항진증 일상생활,7
갑자기 체중,22
감기 한번,27
양제 복용 시간,24
배탈,4
입 마름 증상 원인,7
콧물 폐,2
초 중고 성적 성적 고착,8
날개 뼈,11
이비인후과 기관지 폐 검사 볼 수,7
단백뇨,28
삭 투약 부위 모기 반응,0
역류성 질환,4
목구멍,7
일전 자고 일어나서 출근 가슴 통증 유발,23
갈증,22
체 증상,4
트립토판 보충 최대 복용량,8
핫팩 피폭,11
토마토,24
위 경후,4
요새 변 간혹 변 사진,4
몸살 기운 캄,2
생리 펑소,25
소티 논 복용 방법,0
쇄골 비정상 휘었습니,20
대상포진,0
식사 등 통증 명치 통증,4
발가락 점,0
편도염 스테로이드 복용,7
마카 간수치,4
염증 수치 피부 트러블,0
단백뇨 몇번 재검 재검사 음성,28
편도결석 사람,7
임산부 변비 물변,25
점액 낭종 구내염,7
벌레,4
다리 고민,24
온 몸 두통,6
구내염,14
편도결석,7
허리 디스크,12
땀띠 물 물,24
내과 질환 허리 디스크 관계,24
이번 공무원 신체 검사 폐 사진 때 아무 기도,2
전 역류성 식도염 숨 갑갑,4
딱지 피지,0
심장 깨,23
비지 속성 심실 빈맥,23
사진 첨부 질문 남편 형 간염 비 활동,4
남편 형 간염 보균자,4
자고 입가,7
탈모 관리,0
임신,25
대장 내시경,4
형 간염 보균자 전염 경로,4
내시경 검사 이형성 협심증,23
머리,6
바디 로션 얼굴 발라,0
역류성 후두 염 약 복용 입 마름 목 갈증,7
장염 약 복용,4
가스 위,4
역류성 식도염 음식,4
대변 냄새,4
눈 밑 마그네슘 식품,6
혀 반증,0
심장,23
몸 유지 운동,11
목 가래 피,2
다리 감각 이상,6
,8
아기 머리 둘레 증 걱정,6
손목 건초염 처방 약과 소화 불량 과민성 대장 처방 약,4
명치 통증,23
경구 피임 약 부작용 문의,25
렌즈 삽일술,5
기관지 가래 증상 알,2
플라스틱 폴리 염화비닐 사용 내분비계 교란 물질,22
혈액 검사 수치,4
눈 흰자,5
혈 변일,4
한번 머리 감 때 샴푸 탈모,0
급체 피 점액,4
몸무게 생리 몸 영향,25
너클 거뭇 살갗,0
손 허리 손가락 관절 너클 피부 해지 살갗,10
복부팽 손발,4
배변 습관 항문 청결 유지 관 궁금증,1
대상포진 예방주사 부작용,18
두통 어지러움 소화 불량 식욕부진 근육통 피로 감 무기 함,24
임파선,18
식단 조절 학생 다이어트,22
혀,14
복통 조금 대변 점액 질,4
왼쪽 눈밑 광대 저림,6
칼슘 복용,22
침 때 소리 증상,4
관계 복통,25
여름철 옆구리 원인,4
소화기관,4
장염 후유증,4
이유 헛구역질,4
항우울제,8
음식 때 목 움,7
위 통증,4
장염,4
장판 검사,20
왼쪽 갈비뼈 아래 통증 심장,23
사용 시기,25
편도선 출혈,7
상 복부 음식물 정체 과 식욕부진 체중 감소 경험,4
혈당 증상,22
중성 지방 콜레스테롤,22
쌀종이 몸 키,24
경찰 체력 시험 도핑 약물,13
신생아 태열,18
어지럼증 구토 감,6
이마,6
그냥 고안압증 스테로이드 약,5
과산화수소 사람,2
아버지 발치 임플란트 예정 칼슘 약 약,14
생리 콧물같 냉,25
전 비뇨기 과 비 세균 부고환 염 약 처방 설마 성 건가,26
과산화수소,2
혹시 편도 일 가능성,7
다이어트 살 복구,0
소화 목 물감,4
사랑니,14
성관계 지금 입술 테두리 홍인 표 의원님 추가,0
복부 운동 키,11
단백뇨 몇번 재검 부탁,28
팔 곳 등 두드러기,0
복부 운동 키 영향,11
메스꺼움 더 중이 내과 예전 조금 효과 약 처방,4
입술 테두리,0
두통 소화 불량 식욕부진 수도,4
등 화끈 거림,6
초록 입 홍합,24
심장 박동,23
초록 입 홍합 어골 칼슘 동시 복용,24
등 물집,0
성격 역류성 재발 입냄새,4
스피닝,11
도비 하루 섭취 칼로리 고민,22
대장 내시경,4
대상포진,0
목젖 구내염,7
트윈스 타 복용,23
목젖 구내염,7
편도염 진단 항생제 처방 코로 나일,7
지루 피부염 접촉성 피부염,0
코피 나기 시작,7
부정맥 변 이형 협심증 진료 진짜 정신 절대 자신,23
건강검진 단백뇨,28
수면 마취 뭔,13
신장 증상 검사,28
가미 소요산 단 엑스 산 혼합 약 약 요,24
인중 밑,6
추가 편도,7
이상 협심증 변 이형 협심증 상황,23
교감 부 교감 신경,8
발치 뼈 이식 칼슘 약 약,14
피부 발진,0
때 콧볼살 조금,15
장염 난후 두통 안구 통 소화 불량 식욕부진 신경 약,4
머리 압력,6
편도염 열 날 수,7
항생제 싸이 칸 정이 변비 약 듀파락 시럽 마 밀정 복용 이유,4
착즙기,24
역류성 인후 염,4
쓸개 용종,4
왼쪽 갈비뼈 밑,13
뇌졸중 증상,6
저 수면 패턴,8
다이어트 약 부작용,22
생리 주기,25
귀가,7
변 검사 클로스 트디륨 균 검 약,4
왼쪽 가슴 찌릿,23
오른쪽 목구멍 오른쪽 가슴 부분 느낌 정말 생선 가시,4
신장 크레아티닌 수치,28
습진 부위 수,0
발 껍질 무좀,0
심근경색 증상,23
하지정맥류 판정 레이저 수술 꼭,17
방법,22
국가 건강검진 돈 추가 뇌 추가 수,6
대변 참게 약 질문,4
생리 중 관계,25
케톤 체,28
대상포진 추가,0
눈 비비 눈 모양 눈매,15
위염 식도염 관,4
대상포진,0
자고 때 심장 박동 질문,23
멍,9
샤워 일주일 몇번,0
저체중 별 말씀,22
테프 정 금단 증후 대처 법,23
생리 직전,25
명치 주변 통증,23
접종,18
위염 관,4
애 드빌 퀴겔,13
고속도로 운전 중,23
목 통증,7
부작용,25
콧속 입구 부분 아래쪽,7
역류성 인후 염 식후 몸살,4
무릎 때 정맥 류 증상 악화,17
스테로이드 연고 처방 몸 곳곳 움,0
골다공증 치료 주사 프롤리 주사 날,22
기관지염 알러지 검사,27
약 아침 저녁,24
우유 계란 이유,24
갑상선 검사,22
저체중 성장 아이 위 케어 법,24
홍인 표 원장 생리 재,25
목 감기 입안 왜,7
장염 발열 증상,4
맥박 신경,23
식후 인후 염,4
햇빛 쐐 눈 힘 뇌졸중 증상,6
역류성 식도염 밥 대신 베지밀,4
에탄올 음주 여부,4
미열 두통,6
두드러기,0
스테로이드 연고 하루 사용 해도,0
홍삼 뇌전증 유발,24
가끔 아주 가끔 가슴,23
만약 당뇨 라면 형 당뇨 일 가능성,22
역류성 후두 염,4
췌장 확인 수 부분 어디,4
명치 꽉,23
이부프로펜 협심증 환자,23
접촉성 염 스테로이드 연고,0
헤르 정 헤르 방정,23
미란 위염 데 조직검사,4
아이 작년 문 이마 생활,8
변 이형 협심증,23
변비 약 마 밀정 치질 약 치 항생제 복용,4
일반의약품 종합 비타민 기넥신 외과 처방 약 복용,17
인후 염 호흡 곤란,2
몸살,2
대장 내시경 검사 과형성 용종 데 관리 법,4
트레 스탄 캡슐 과 육군 탕,24
백혈구 수가 자꾸 감소 면역 저하 걱정,9
엊그제 복통,4
머리 자주,12
재 상담 혹시 입맛 약,24
어지럼증 재,7
입천장 혀,14
키 성장 아이 키 건강 기능 식품 주의 음식,24
공황장애 약 식도염,8
남자 자위 심장 통증,23
타이레놀 손목 건초염 약 복용,13
,25
역류성 식도염 증상,4
이어폰 블루투스 이어폰,7
자고 기분,23
키 성장 건강 기능 식품 주의 음식,24
아이 목 아픔 종합 감기 약,7
식도염 수도,4
두피 두드러기,0
테프 정 감량 복용 중단 방법,23
한번 에탄올 성분 자체 혈중 알콜 농도 전혀 지장 주지,4
발톱 무좀,0
주 생선 조기 가시,4
식도염,4
근막 통증 증후군,24
눈,5
승 모판 역류,23
거품뇨 동안,26
,24
초 어른 마스크 팩,0
귀마개 착용 압력 귀가 더,7
생리,25
조기 가슴 점 뜾었는데 피 해,0
구토 몸,4
인후 염일 수,7
당뇨 환자,22
발등 하체 전체 실핏줄,17
새우 껍질 목,4
에탄올 음주 측정,4
자율신경계 가요 과민성 대장,4
기절놀이 뇌손상,6
사타구니 안쪽 멍울,26
목 질문 기도,4
헤르페스 증상 검사,18
생리 사후 피임 약 부정 출혈,25
생리 사후 피임 약 복용 부정 출혈,25
과민성 대장 설사 가스,4
햇빛 피부,0
레브 렉스,13
알러지 비염 상담,7
포진,0
발바닥 피부염,0
열 코로나 검사,2
과음 손실,11
편도염 때 열 날 수,7
숨 덜,2
흉추 퇴행 진단,12
다이어트,22
앞 보이 힘,6
머리 때 마다 통수 멍 곳 꾹 꽉 통증 목 전혀,6
저번 편도염 이번,7
목 느낌 질문,7
나이 흉추 퇴 행성,11
위 내시경 길항제,4
마그네슘 섭취 비타민 칼슘 섭취,22
맥박 숨 식은땀 감 과 진료,23
애 무릎 피 안통 거뭇거뭇,20
주 심장 재,23
종근당 아이 키 성장,24
사람 몸 바이러스,18
사람 피 요소 요산 존재,28
남아 계란 두드러기,0
당뇨 환자 과일,22
주 심장,23
흑색종,0
종근당 아이 키 성장,24
눈썹 뼈 통증 시작,7
급 체중 증가 불면증 재,8
추가 피임 약,25
양제,24
유산균 적응 시간,4
급 체중 증가 불면증,8
입천장 목구멍 움,7
마그네슘 때 비타민 칼슘 꼭,22
항문 물이,4
향수 생리 컵,25
유산균 몸,4
테아닌,25
트름할 때,4
아이 속,4
목 승 모근 감 현상,24
혈압 약 약 용량,23
구내염 일종,7
혈압 약,23
경동맥 등 에코 경화,23
백초 시럽,24
소변 단백뇨 검사,28
두부 외상 두통,12
생리,25
잔기침,2
칫솔 주기,14
발,20
명치 오른쪽 통증 추가,13
명치 오른쪽 통증 추가 문의,13
위 내시경 초음파 검사 시간 이유,4
담석 질문,4
피멍 건가,0
아르기닌 액체 더 몸 흡수,24
속 감,4
초록 입 홍합 호로 몬 영향,25
가래 피,2
눈 충혈 간이 한쪽 눈 충혈,28
폐 부위 욱씬 거립니,2
눈 상태,5
왼쪽 가슴 숨 쉬 호흡 곤란,23
호흡 곤란 재 병원 방문,2
추가 선생님 위염 생각,4
기침 증상,2
명치 오른쪽 아래 부분,13
기침 질문 환자,2
콜레스테롤 오메가,22
